Year,Annual_MinTemp,Winter_MinTemp,Spring_MinTemp,Summer_MinTemp,Autumn_MinTemp,Annual_MeanTemp,Winter_MaxTemp,Spring_MeanTemp,Summer_MeanTemp,Autumn_MeanTemp,Annual_MaxTemp,Spring_MaxTemp,Summer_MaxTemp,Autumn_MaxTemp
1840,NaN,NaN,2.3,13.1,2.6,NaN,NaN,6.8,18.1,7.4,NaN,11.2,23,12
1841,2.1,-8.9,-0.6,13,3.6,6.8,-0.9,4.3,19.1,7.8,11.5,9.2,25.1,11.8
1842,2.3,-6.3,1.6,11.5,3,7.2,1.6,6.6,17.5,7.5,12.1,11.6,23.6,12
1843,1.7,-8.6,-1.6,11.7,3.8,6.3,-1,3.4,17.7,7.8,10.9,8.3,23.7,11.8
1844,2.4,-7.2,2.3,12.1,3.2,7.4,0.1,7.6,18,7.9,12.3,12.7,23.8,12.6
1845,1.9,-6.8,0.7,12.1,2.9,6.8,1,5.9,18.2,7.6,11.8,11.1,24.2,12.4
1846,3.3,-10.1,1.9,13.9,6.1,7.7,-1.5,6.5,19.2,9.9,12.1,11,24.4,13.6
1847,2.3,-7.8,-0.3,12.5,4.3,6.2,-1.4,3.8,17.4,7.7,10,7.9,22.2,11.2
1848,2.7,-5.6,0.5,12.9,3.2,6.9,0.6,4.9,18,6.9,11,9.4,23.1,10.5
1849,2.5,-8.6,0.6,13,5.6,6.3,-2.3,4.2,18.1,9.1,10.1,7.8,23.1,12.7
1850,2,-6.6,-0.9,13.7,2.4,6.6,0.2,3.8,19,7.4,11.2,8.5,24.4,12.3
1851,2.6,-7.5,1.5,12.5,4.1,6.4,-0.9,5.4,16.9,7.9,10.2,9.2,21.3,11.6
1852,2.1,-9.9,-0.5,12.7,3.9,6.1,-3.1,3.4,17.6,7.9,10.1,7.2,22.4,11.9
1853,1.9,-7.2,0.4,12.7,3.2,6.6,-0.1,4.5,18.8,8.1,11.2,8.4,24.8,12.9
1854,1.3,-10.4,-0.8,12.5,4.2,6.8,-1.1,4.3,19.6,9.3,12.2,9.3,26.7,14.4
1855,1.3,-11,-0.5,12.8,3.2,6.4,-2,5.2,17.9,8.2,11.4,10.9,23,13.1
1856,0.1,-12.5,-1.7,12.7,2.5,5.2,-3,3.3,18.4,7.6,10.3,8.3,24,12.5
1857,1.1,-10.9,-1.9,12.5,3,5.6,-2.2,2.7,17.5,7.4,10.2,7.4,22.4,11.7
1858,3.3,-6.8,0.4,14.8,5.3,7.1,-0.1,4.4,19.3,8.7,10.9,8.4,23.9,12.1
1859,3.1,-6.7,2.7,13.4,4.4,6.9,-0.1,6.6,17.9,7.9,10.6,10.4,22.3,11.3
1860,3,-9.3,2.1,13.2,4.9,7,-2.1,6.4,18.1,8.4,11,10.6,22.9,11.9
1861,2.8,-8.2,0,12.9,5.5,6.8,-1.8,4,17.9,9.1,10.8,7.9,22.8,12.6
1862,2.8,-7.6,0.5,13.2,5.3,6.8,-0.6,4.6,18.3,8.9,10.8,8.6,23.3,12.5
1863,3,-6.3,0.6,13.7,4.7,7.1,0.3,4.9,18.3,8.5,11.2,9.3,23,12.3
1864,3.2,-7.2,1.4,14.5,4.5,7.3,-0.2,5.3,19.7,8.1,11.3,9.2,24.9,11.6
1865,3,-9.3,1.4,13.3,6,7.3,-1.9,5.9,18.5,10,11.6,10.3,23.6,14
1866,1.0999999999999999,-8.2,-1.2000000000000002,11.233333333333333,3,5.949999999999999,-1.1,4,16.933333333333334,7.733333333333333,10.7,9.100000000000001,22.6,12.466666666666667
1867,-0.43333333333333324,-11.6,-2.8666666666666667,11.9,2,5.3,-1.9333333333333333,2.3333333333333335,18.366666666666667,8.033333333333333,11.033333333333333,7.5,24.8,13.966666666666667
1868,-0.9999999999999999,-16.3,-2.0666666666666664,12.766666666666666,1.0666666666666664,4.733333333333333,-3.433333333333333,3.6,19.266666666666666,5.866666666666666,10.433333333333334,9.2,25.666666666666668,10.6
1869,-1.15,-11.633333333333333,-3.9,10,0.3999999999999999,4.6,-0.9666666666666667,2.1,15.9,5.833333333333333,10.2,8.1,21.766666666666666,11.266666666666667
1870,0.14999999999999997,-12.3,-1.9000000000000001,11.625,2.5,6.05,-0.7333333333333333,4.05,18.075,8.05,11.9,9.975,24.45,13.55
1871,-1.5,-13.5,-0.35,10.36,0.9800000000000001,4.933333333333334,-1.2333333333333334,5.025,16.38,6.359999999999999,11.333333333333334,10.35,22.34,11.72
1872,0.14444444444444443,-12.857142857142858,-3.4,13.055555555555555,2.67,5.1625,-2.557142857142857,2.16,18.1875,7.344444444444445,10.125,7.7,23.3,12.02
1873,-0.97,-14.558333333333334,-1.9230769230769231,12.175,0.6333333333333334,4.2444444444444445,-4.327272727272727,3.253846153846154,17.925,5.6,9.533333333333333,8.415384615384616,23.633333333333333,10.558333333333334
1874,0.2545454545454545,-10.76,-3.223076923076923,11.138461538461538,3.1166666666666667,5.290909090909091,-1.1199999999999999,2.1,16.653846153846153,8.091666666666667,10.281818181818181,7.438461538461539,22.123076923076923,12.991666666666667
1875,-1.976923076923077,-15.858333333333333,-4.053846153846154,11.538461538461538,0.6071428571428572,3.307692307692308,-5.216666666666667,1.376923076923077,17.276923076923076,5.207142857142857,8.561538461538461,6.8,22.96923076923077,9.792857142857143
1876,-0.22000000000000003,-13.233333333333333,-2.5933333333333333,12.833333333333334,2.40625,4.707142857142857,-3.02,2.35,18.307142857142857,6.45,9.614285714285714,7.185714285714286,23.864285714285714,10.48125
1877,1.0857142857142859,-13.26,-2.041176470588235,12.786666666666667,3.2055555555555557,6.021428571428571,-3.75625,3.3058823529411767,18.233333333333334,7.75,10.746666666666666,8.6,23.633333333333333,12.266666666666667
1878,1.5294117647058825,-10.01764705882353,0.7368421052631579,12.368421052631579,3.7842105263157895,6.252941176470588,-0.9705882352941176,5.463157894736842,17.842105263157894,8.2,10.935294117647059,10.142105263157895,23.263157894736842,12.578947368421053
1879,-1.2944444444444445,-13.652631578947368,-2.4210526315789473,11.02,2.445,4.05,-4.042105263157895,3.1052631578947367,16.535,7.2700000000000005,9.442105263157895,8.685,22.025,12.035
1880,-0.43684210526315786,-12.62,-3.2473684210526317,11.715789473684211,1.457142857142857,4.747368421052632,-1.545,2.2105263157894735,17.273684210526316,6.08,9.98,7.805,22.885,10.757142857142856
1881,-0.15555555555555556,-14.595454545454546,-1.4086956521739131,11.126315789473685,1.965217391304348,4.9944444444444445,-4.6,3.8043478260869565,16.766666666666666,6.926086956521739,10.144444444444444,8.986956521739131,22.288888888888888,11.878260869565217
1882,-0.875,-12.533333333333333,-4.1045454545454545,10.936363636363636,2.272727272727273,4.31,-1.8272727272727272,1.1727272727272728,16.595454545454544,6.9714285714285715,9.333333333333334,6.460869565217392,22.195454545454545,11.8
1883,-2.2227272727272727,-16.227272727272727,-4.866666666666666,10.588000000000001,1.0875,3.2454545454545456,-5.5590909090909095,0.9208333333333334,16.504166666666666,6.041666666666667,8.709090909090909,6.679166666666667,22.325,10.9875
1884,-1.8916666666666666,-16.26923076923077,-3.230769230769231,10.3,0.9111111111111111,3.3875,-5.562962962962963,2.0307692307692307,15.992,5.825925925925926,8.616,7.344444444444445,21.723076923076924,10.714814814814815
1885,-2.388888888888889,-17.451724137931034,-4.742857142857143,10.132142857142856,1.16,2.8923076923076922,-7.160714285714286,1.0464285714285715,15.871428571428572,6.01,8.266666666666667,6.751724137931034,21.54642857142857,10.853333333333333
1886,-2.5307692307692307,-15.038709677419355,-2.9166666666666665,10.38888888888889,0.3,3.2,-4.987096774193549,2.706896551724138,16.637037037037036,5.651724137931034,8.876923076923077,8.393103448275863,22.7,10.972413793103449
1887,-2.1,-18.32142857142857,-3.203846153846154,10.420689655172414,-0.3689655172413793,3.2291666666666665,-7.366666666666666,2.2115384615384617,16.53103448275862,4.927586206896552,8.736,7.722222222222222,22.579310344827586,10.193103448275862
1888,-2.1416666666666666,-16.033333333333335,-4.7178571428571425,9.792857142857143,0.5800000000000001,3.075,-6.229166666666667,0.5444444444444444,15.814285714285715,5.37,8.279166666666667,5.611111111111111,21.862068965517242,10.13
1889,-0.3296296296296296,-12.932258064516128,-1.096875,10.618518518518519,1.16,5.074074074074074,-3.045161290322581,4.6125,16.525925925925925,6.1866666666666665,10.466666666666667,10.309375,22.392592592592592,11.163333333333334
1890,-2.321875,-15.461290322580645,-3.888235294117647,10.123529411764705,1.4388888888888889,3.241935483870968,-5.138709677419355,1.561764705882353,16.11764705882353,6.25,8.641935483870968,6.985294117647059,22.03529411764706,11.033333333333333
1891,-1.497142857142857,-15.027777777777779,-3.408108108108108,9.64054054054054,0.7135135135135136,4.162857142857143,-4.177777777777778,2.556756756756757,15.77027027027027,6.121621621621622,9.817142857142857,8.508108108108107,21.84864864864865,11.489189189189188
1892,-1.715625,-13.083333333333334,-3.2486486486486488,10.489189189189188,0.85,3.6875,-3.1277777777777778,2.0783783783783782,16.794594594594596,6.008333333333333,9.05,7.402702702702703,23.043243243243243,11.141666666666666
1893,-2.809090909090909,-17.508108108108107,-4.21578947368421,10.737837837837837,-0.41,2.8212121212121213,-7.402702702702703,1.4567567567567568,17.125,4.8475,8.465714285714286,7.008108108108108,23.305263157894736,10.153658536585366
1894,-1.2361111111111112,-16.931578947368422,-2.1363636363636362,10.314634146341463,0.855,4.288888888888889,-6.023684210526316,3.536363636363636,17.053658536585367,5.88,9.791666666666666,9.195454545454545,23.73658536585366,10.87
1895,-2.4342105263157894,-15.190697674418605,-2.9272727272727272,9.72888888888889,-0.09375,3.4918918918918918,-5.6,3.2886363636363636,16.162222222222223,5.085416666666667,8.963157894736842,9.475,22.53913043478261,10.233333333333333
1896,-2.2727272727272725,-14.214893617021277,-3.2854166666666664,9.9375,-1.2583333333333333,3.2325581395348837,-4.568085106382979,2.24375,16.4125,3.863829787234043,8.697727272727272,7.820408163265306,22.961224489795917,8.940425531914894
1897,-1.6906976744186046,-13.571111111111112,-3.0096153846153846,10.077551020408164,0.08431372549019611,3.841860465116279,-4.011111111111111,2.776923076923077,16.224489795918366,5.370588235294117,9.361363636363636,8.551923076923076,22.258,10.615686274509804
1898,-1.016,-13.514814814814814,-2.229090909090909,10.78,1.0241379310344827,4.37,-4.059259259259259,3.6454545454545455,16.883333333333333,5.825862068965518,9.741999999999999,9.498181818181818,22.875925925925927,10.591379310344827
1899,-1.550943396226415,-15.056896551724138,-4.074137931034483,9.812068965517241,1.831578947368421,3.7358490566037736,-5.537931034482758,1.5482758620689656,16.012280701754385,6.649122807017544,8.986792452830189,7.1499999999999995,22.118965517241378,11.433333333333334
1900,-1.3574074074074074,-13.51551724137931,-2.8114754098360657,10.226229508196722,1.0444444444444443,4.19622641509434,-3.57719298245614,3.315,16.4,6.085714285714285,9.785185185185185,9.318333333333333,22.543548387096774,11.087301587301587
1901,-1.2345454545454546,-13.77741935483871,-1.6857142857142857,10.180327868852459,0.54,4.294444444444444,-4.168852459016393,4.122580645161291,16.431666666666665,5.676666666666667,9.527272727272727,9.7,22.588524590163935,10.791666666666666
1902,-1.3349206349206348,-12.90952380952381,-1.6892307692307693,8.959090909090909,0.2869565217391304,3.970967741935484,-3.5174603174603174,3.7,15.101538461538462,5.691304347826087,9.362903225806452,9.207692307692307,21.242424242424242,11.063768115942029
1903,-1.9870967741935484,-14.370588235294118,-3.1787878787878787,9.239705882352942,-0.10000000000000002,3.5754098360655737,-4.3764705882352946,2.953846153846154,15.20735294117647,5.087323943661972,9.11774193548387,8.965151515151515,21.141176470588235,10.246478873239436
1904,-2.740322580645161,-16.638235294117646,-3.5712328767123287,9.128787878787879,0.7188405797101449,2.925806451612903,-6.535294117647059,2.232876712328767,15.674242424242424,6.076811594202899,8.546875,8.028767123287672,22.155223880597013,11.358571428571429
1905,-2.040625,-16.223529411764705,-2.5027397260273974,9.74,0.18591549295774645,3.7365079365079366,-5.88235294117647,3.7416666666666667,16.05142857142857,5.434285714285714,9.434920634920635,9.901388888888889,22.312857142857144,10.551428571428572
1906,-1.265079365079365,-12.544927536231883,-2.9788732394366195,10.279710144927536,0.9695652173913043,4.4790322580645165,-2.3926470588235293,3.1869565217391305,16.8231884057971,6.065217391304348,10.022222222222222,9.067142857142857,23.3,11.12463768115942
1907,-2.8444444444444446,-17.58732394366197,-5.36056338028169,9.129577464788733,0.43623188405797103,2.776190476190476,-7.394366197183099,0.4661971830985916,15.419718309859155,5.810144927536232,8.3515625,6.288732394366197,21.673239436619717,11.155072463768116
1908,-1.4584615384615385,-12.852857142857143,-3.825675675675676,9.544594594594594,0.8474358974358974,4.196875,-2.772463768115942,2.0702702702702704,16.03150684931507,6.27051282051282,9.833333333333334,7.955405405405405,22.51232876712329,11.632911392405063
1909,-2.054929577464789,-16.05,-3.4123456790123456,9.473493975903615,0.30875,3.516901408450704,-5.703846153846154,2.2087499999999998,15.959036144578313,5.58125,9.074647887323943,7.6975,22.40120481927711,10.81375
1910,-1.5283783783783784,-14.654878048780487,-0.8987951807228916,9.392682926829268,0.22073170731707314,4.218055555555556,-5.035,5.342682926829268,15.892592592592592,5.036585365853658,9.812328767123288,11.43170731707317,22.339024390243903,9.859036144578313
1911,-2.45,-16.62875,-2.7843373493975903,9.516091954022988,-1.3611111111111112,3.147222222222222,-6.61625,3.289156626506024,15.85977011494253,3.836666666666667,8.675342465753424,9.342857142857143,22.154022988505748,9.028888888888888
1912,-1.8487179487179488,-14.555555555555555,-3.906741573033708,9.243023255813954,0.5945652173913043,3.6025641025641026,-5.524719101123596,2.3704545454545456,15.366279069767442,5.524175824175824,9.083544303797469,8.570454545454545,21.432558139534883,10.425
1913,-1.8209302325581396,-15.06701030927835,-3.1422680412371133,9.176923076923076,0.6617647058823529,3.75,-5.349484536082474,2.763917525773196,15.692307692307692,5.858823529411764,9.293103448275861,8.655670103092783,22.150961538461537,10.990291262135923
1914,-1.5824742268041236,-14.237168141592921,-2.363157894736842,9.18119658119658,0.9974789915966387,3.956701030927835,-4.575221238938053,3.512280701754386,15.962393162393163,6.030252100840336,9.451020408163265,9.36695652173913,22.716806722689075,11.076859504132232
1915,-0.8017094017094017,-13.547540983606558,-1.22734375,9.292424242424243,0.6681159420289855,4.605128205128205,-4.6154471544715445,4.661111111111111,15.693939393939393,5.656521739130435,9.998305084745763,10.478571428571428,22.034848484848485,10.63623188405797
1916,-2.825,-15.816058394160583,-3.5183673469387755,9.894405594405594,-0.3700680272108844,2.6692913385826773,-6.4072992700729925,2.1612244897959183,16.134265734265735,4.938775510204081,8.223846153846154,7.8074324324324325,22.379591836734694,10.216107382550335
1917,-3.4440944881889766,-18.07410071942446,-3.9855172413793105,9.506164383561643,0.1075862068965517,2.3,-7.855633802816901,1.6736111111111112,16.010416666666668,5.465277777777778,7.947727272727272,7.344827586206897,22.46734693877551,10.741891891891893
1918,-2.5125925925925925,-18.598,-3.542483660130719,9.004575163398693,0.4410596026490066,3.3389312977099235,-8.04026845637584,2.8393333333333333,15.609868421052632,5.766666666666667,9.115441176470588,9.129801324503312,22.15,11.049006622516556
1919,-2.3326241134751773,-13.031847133757962,-3.257324840764331,9.919736842105262,-1.635031847133758,3.3122302158273382,-3.4575949367088605,2.6700636942675158,16.657615894039736,3.5634615384615387,8.965,8.613924050632912,23.332679738562092,8.69936305732484
1920,-2.088235294117647,-16.86711409395973,-4.051298701298701,9.460897435897436,0.5493750000000001,3.616296296296296,-6.320945945945946,1.8421052631578947,16.29935064935065,5.853125,9.28978102189781,7.725657894736842,23.093548387096774,11.138509316770186
1921,-1.7375,-13.372151898734177,-2.448125,10.019745222929936,-0.3391025641025641,4.054545454545455,-3.80126582278481,3.59875,16.740127388535033,4.783766233766234,9.829166666666667,9.639751552795031,23.417721518987342,9.891558441558441
1922,-2.371917808219178,-16.80125,-2.375595238095238,9.580722891566266,0.5102409638554217,3.45448275862069,-6.162264150943396,3.4267857142857143,16.314545454545456,5.877710843373494,9.27687074829932,9.197619047619048,23.00059880239521,11.210119047619047
1923,-2.6025641025641026,-17.812574850299402,-5.219298245614035,9.47764705882353,0.7342696629213483,3.4331168831168832,-7.123214285714286,1.0899408284023668,16.04705882352941,6.509039548022599,9.447096774193549,7.414201183431953,22.558823529411764,12.228248587570622
1924,-2.6329268292682926,-14.130459770114943,-3.0179775280898875,8.82159090909091,0.09715909090909092,3.056441717791411,-4.094857142857143,2.6168539325842697,15.393142857142857,5.4579545454545455,8.71042944785276,8.22191011235955,21.906285714285715,10.786516853932584
1925,-2.0605263157894735,-17.04011299435028,-2.7339080459770115,9.459411764705882,-1.1632183908045977,3.5763513513513514,-6.9625,3.3873563218390803,16.07857142857143,3.8138728323699422,9.154605263157894,9.455428571428572,22.653801169590643,8.715168539325843
1926,-2.124516129032258,-12.559090909090909,-3.6270718232044197,8.852601156069364,-0.7554285714285714,3.5006451612903224,-3.3022857142857145,2.5248618784530388,15.536416184971099,3.9710982658959537,9.10759493670886,8.649450549450549,22.187428571428573,8.698857142857143
1927,-2.2512048192771084,-15.501117318435755,-2.776502732240437,9.167796610169491,-0.034426229508196717,3.271875,-5.597765363128492,2.7298342541436464,15.627272727272727,4.817415730337078,8.604819277108433,8.216304347826087,21.997237569060772,9.588950276243095
1928,-1.450632911392405,-15.194857142857144,-3.2230337078651687,9.685164835164835,-0.14719101123595504,4.1826923076923075,-5.156818181818182,2.7165714285714286,15.855,5.251977401129944,9.758750000000001,8.60677966101695,21.95611111111111,10.618539325842697
1929,-2.6592814371257485,-15.739664804469273,-3.0552486187845305,9.096216216216217,-0.016577540106951883,3.0810975609756097,-5.797191011235955,2.797752808988764,16.003243243243244,5.363978494623656,8.76144578313253,8.569444444444445,22.83494623655914,10.648663101604278
1930,-1.6034883720930233,-16.47872340425532,-2.885340314136126,10.084239130434783,0.3279569892473118,4.090058479532164,-6.5903743315508025,3.187830687830688,16.769565217391303,5.375135135135135,9.735260115606936,9.206842105263158,23.41576086956522,10.451612903225806
1931,-0.5827586206896551,-11.489417989417989,-2.3328125,10.073015873015873,0.7455958549222798,5.0936781609195405,-1.9015873015873015,3.659375,16.658730158730158,6.021761658031088,10.703389830508474,9.643229166666666,23.175392670157066,11.256701030927836
1932,-2.5065934065934066,-14.165968586387434,-3.7668421052631578,9.8055,-0.8165829145728644,3.05,-4.591623036649215,2.046315789473684,16.2145,4.295477386934674,8.60108108108108,7.8375,22.586069651741294,9.392964824120604
1933,-3.0963350785340316,-15.713432835820896,-3.537128712871287,9.489162561576356,-0.9737373737373737,2.5598930481283424,-5.636318407960199,2.1668316831683168,16.372636815920398,3.93030303030303,8.173015873015872,7.831527093596059,23.163366336633665,8.766331658291458
1934,-2.138709677419355,-17.87035175879397,-3.0343283582089553,8.878048780487806,0.7480392156862745,3.5554347826086956,-7.393,3.0969849246231154,15.512195121951219,5.50940594059406,9.15,9.174,22.090731707317072,10.23118811881188
1935,-2.828494623655914,-16.58019801980198,-4.672139303482587,10.002487562189055,-1.4004901960784313,2.7104395604395606,-6.648756218905473,1.0795,16.164,3.948,8.166304347826086,6.818,22.2555,9.199502487562189
1936,-3.0168421052631578,-18.254455445544554,-2.8225490196078433,9.798529411764706,-0.6606796116504855,2.6643243243243244,-9.076237623762376,2.889054726368159,16.474257425742575,4.569306930693069,8.272043010752688,8.522885572139304,23.098029556650246,9.743627450980393
1937,-2.048936170212766,-16.89902912621359,-2.5985507246376813,10.439130434782609,0.5535,3.4672131147540983,-6.52512315270936,3.166990291262136,16.971844660194176,5.366666666666666,8.96951871657754,8.895631067961165,23.465865384615384,10.155223880597015
1938,-1.706217616580311,-16.069565217391304,-2.8879227053140095,10.169585253456221,0.638755980861244,3.902127659574468,-6.533658536585365,2.872549019607843,16.619907407407407,6.034299516908213,9.456632653061224,8.603864734299517,23.01705069124424,11.41953488372093
1939,-2.223762376237624,-15.556279069767442,-4.436697247706422,9.591284403669725,-0.05159817351598174,3.265326633165829,-5.989908256880734,1.5814814814814815,16.051388888888887,4.898148148148148,8.733168316831684,7.610045662100457,22.45299539170507,9.795412844036697
1940,-2.126237623762376,-13.680821917808219,-3.0927272727272728,9.304128440366972,-0.09041095890410959,3.305050505050505,-4.77,2.3949074074074073,15.782407407407407,4.903240740740741,8.676119402985075,7.874885844748858,22.21651376146789,9.838532110091743
1941,-1.5980099502487561,-14.732110091743118,-2.6940909090909093,10.02117117117117,-0.06926605504587159,3.9251256281407034,-5.16651376146789,3.3876712328767122,16.491402714932125,4.72442396313364,9.384729064039409,9.428054298642534,22.896846846846845,9.468493150684932
1942,-1.9645,-14.253603603603604,-2.048611111111111,9.44112554112554,-0.5711711711711712,3.5868020304568526,-4.628181818181818,3.71953488372093,15.745414847161571,4.718468468468468,9.017587939698492,9.459722222222222,22.006926406926407,9.93511111111111
1943,-2.703921568627451,-17.606726457399102,-5.177333333333333,9.17543103448276,0.6899563318777292,2.8994949494949496,-7.655855855855856,0.7542600896860987,15.405194805194805,5.855605381165919,8.479310344827587,6.666371681415929,21.608974358974358,10.986725663716815
1944,-1.803225806451613,-14.305555555555555,-3.8982978723404256,9.586610878661087,0.7944915254237288,3.810798122065728,-4.151724137931034,2.3472103004291847,15.91673640167364,5.7,9.295909090909092,8.460084033613445,22.166666666666668,10.560425531914893
1945,-2.490566037735849,-15.180327868852459,-3.4850622406639005,9.105508474576272,-1.176824034334764,2.9125,-5.569834710743802,2.2596638655462185,15.539574468085107,3.629741379310345,8.176635514018692,7.9191666666666665,21.94375,8.339166666666667
1946,-2.9149321266968324,-16.559832635983263,-2.537394957983193,8.66,-1.3705645161290323,2.8493087557603687,-6.932365145228216,3.445531914893617,15.18530612244898,3.9161943319838057,8.571945701357466,9.397058823529411,21.678048780487806,9.170967741935485
1947,-2.4723502304147464,-16.727459016393443,-4.412550607287449,9.409016393442624,0.2091286307053942,3.09478672985782,-6.634979423868312,1.325,15.747083333333334,5.192016806722689,8.578026905829596,7.005668016194332,21.95679012345679,10.063114754098361
1948,-3.2875,-16.9712,-5.817529880478087,9.468774703557312,0.199601593625498,2.4601809954751133,-6.91,0.11818181818181821,15.768825910931174,5.430452674897119,8.054385964912282,5.98780487804878,21.955555555555556,10.63132530120482
1949,-3.268619246861925,-18.526274509803923,-3.701930501930502,9.313127413127413,-0.28326848249027237,2.484415584415584,-8.426070038910506,2.35921568627451,15.731517509727626,4.856470588235294,8.160504201680672,8.301158301158301,22.050191570881225,9.804980842911878
1950,-4.478969957081545,-19.99529411764706,-5.946153846153846,8.459288537549407,-1.6275193798449612,1.0905405405405406,-9.9,-0.166147859922179,14.835080645161291,3.308730158730159,6.578508771929824,5.5904214559386975,21.1172,8.0996062992126
1951,-3.7316239316239317,-16.72244094488189,-4.496124031007752,8.682745098039216,-1.7448275862068965,1.5137614678899083,-7.278542510121458,1.098406374501992,14.766533864541833,2.9767441860465116,6.8133928571428575,6.620866141732283,20.78203125,7.694573643410853
1952,-2.72375,-17.726136363636364,-3.751127819548872,9.249264705882354,-0.3643939393939394,2.738157894736842,-7.8279069767441865,2.06360153256705,15.338059701492538,4.654440154440154,8.23404255319149,7.854580152671756,21.37121771217712,9.673764258555133
1953,-2.204417670682731,-14.52639405204461,-3.783941605839416,9.23558052434457,0.4883636363636364,3.12618025751073,-5.090151515151515,1.7671641791044777,15.230798479087452,5.5292134831460675,8.385654008438818,7.118450184501845,21.14248120300752,10.475373134328358
1954,-2.950197628458498,-15.76231884057971,-5.9284671532846716,9.104395604395604,0.37216117216117217,2.1295546558704452,-6.370110701107011,-0.4361623616236162,14.738007380073801,4.857677902621723,7.202766798418972,5.102909090909091,20.354545454545455,9.355762081784386
1955,-3.654,-15.27565543071161,-5.090579710144928,9.876556776556777,-2.095373665480427,1.5746887966804979,-6.331698113207547,0.3402930402930403,16.041328413284134,2.6945848375451265,6.766932270916334,5.770397111913358,22.10537634408602,7.413523131672598
1956,-3.7041353383458646,-17.768197879858658,-6.018727915194346,9.020863309352517,-1.2310714285714286,1.7348837209302326,-8.613357400722021,-0.2553571428571429,14.867753623188406,3.810144927536232,6.989015151515152,5.401060070671378,20.63705035971223,8.808273381294963
1957,-3.370769230769231,-18.708185053380785,-4.238028169014084,8.668292682926829,-0.6893103448275861,2.0134387351778655,-8.51123188405797,1.4617021276595745,14.558303886925795,4.031118881118881,7.3199248120300755,7.136619718309859,20.45910652920962,8.685567010309278
1958,-2.761509433962264,-14.58943661971831,-3.4926829268292683,8.870307167235495,-1.248135593220339,2.4531496062992124,-5.817301038062284,2.1673758865248227,14.976923076923077,3.456794425087108,7.556603773584905,7.600692041522492,21,8.132068965517242
1959,-3.8036363636363637,-18.8757785467128,-5.3253378378378375,9.037710437710437,-2.0152027027027026,1.5393939393939393,-9.047349823321555,0.43344827586206897,14.869727891156462,2.3281786941580758,6.616911764705883,6.002749140893471,20.557859531772575,6.603367003367003
1960,-3.3335766423357662,-14.925510204081633,-5.5335593220338986,9.005902777777777,-0.923728813559322,2.0805243445692883,-6.0272108843537415,0.07172413793103448,14.962237762237763,3.7319727891156464,7.231386861313869,5.469594594594595,20.87793103448276,8.383445945945946
1961,-3.4906474820143885,-16.522145328719724,-5.111986301369863,9.477740863787375,-1.2514950166112957,1.684981684981685,-7.069310344827586,0.21280276816608998,15.714814814814815,3.342,6.876258992805756,5.529896907216495,21.926333333333332,7.987128712871287
1962,-3.7370106761565838,-18.775,-5.2141914191419145,8.722442244224423,-0.39389830508474577,1.4934306569343065,-8.989115646258503,0.3440397350993377,14.520265780730897,4.177210884353742,6.672857142857143,5.847854785478548,20.27251655629139,8.754882154882155
1963,-3.3773234200743496,-16.894880546075086,-5.18843537414966,9.266440677966102,-0.0886986301369863,1.8637404580152672,-7.369896193771626,0.5294117647058824,14.995918367346938,4.889583333333333,7.066171003717472,6.1938775510204085,20.712794612794614,9.828231292517007
1964,-3.8688811188811187,-15.699657534246576,-6.1926174496644295,8.658471760797342,-1.6016778523489934,1.2755395683453237,-6.4133105802047785,-0.41972789115646253,14.223825503355705,2.9865319865319866,6.391901408450704,5.23255033557047,19.796345514950165,7.582392026578073
1965,-4.098239436619719,-18.95952380952381,-5.684615384615385,8.647986577181207,-2.0718543046357616,1.032490974729242,-9.548287671232877,-0.11423728813559325,14.409090909090908,2.4275747508305647,6.071886120996441,5.392307692307693,20.1248322147651,6.910963455149502
1966,-3.760627177700348,-17.13918918918919,-4.995681063122924,9.052475247524752,-1.6516447368421052,1.4047272727272728,-8.20890410958904,0.42162162162162165,14.805351170568562,3.1174917491749174,6.452877697841727,5.733108108108108,20.558333333333334,7.8197368421052635
1967,-4.026297577854671,-17.33986928104575,-7.2673139158576054,9.13615635179153,-0.4522875816993464,1.3297491039426523,-7.820066889632107,-1.6465573770491804,15.28888888888889,4.155298013245033,6.598233215547703,3.872312703583062,21.440453074433655,8.70891089108911
1968,-3.509,-17.244805194805195,-4.190384615384615,8.326923076923077,-0.022468354430379745,1.4876288659793815,-7.74071661237785,1.3453074433656957,13.974350649350649,4.251757188498402,6.5423728813559325,6.919551282051282,19.59935275080906,8.530254777070065
1969,-3.542244224422442,-18.25891719745223,-5.1870253164556965,8.794285714285714,-0.8958990536277602,1.520265780730897,-9.40926517571885,0.41360759493670884,14.662222222222223,3.4132911392405063,6.53421926910299,5.991482649842271,20.47873015873016,7.7
1970,-4.000338983050847,-16.50223642172524,-5.455948553054663,9.621698113207547,-1.2522151898734177,1.1726027397260275,-7.478274760383386,0.006493506493506486,15.579495268138801,3.213015873015873,6.288851351351352,5.382636655948553,21.507210031347963,7.633544303797469
1971,-3.850326797385621,-18.798422712933753,-5.0546875,9.080185758513933,-0.7156739811912225,1.2374172185430463,-9.560126582278482,0.47641509433962265,14.954205607476636,3.686833855799373,6.362418300653594,6.040683229813665,20.788509316770185,8.066771159874609
1972,-5.119205298013245,-20.658675078864352,-6.036593059936909,8.759190031152649,-2.4401869158878506,0.02583892617449663,-10.818589743589744,-0.4273015873015873,14.485046728971962,1.83125,5.141,5.19873417721519,20.174844720496896,6.0884375
1973,-3.022549019607843,-18.07861635220126,-3.7375,9.693987341772152,-1.4562893081761006,1.901328903654485,-8.529968454258675,1.596875,15.370700636942676,2.8882911392405064,6.902640264026402,6.9128125,21.043354430379747,7.25
1974,-4.147697368421053,-18.02413793103448,-6.403134796238245,8.879559748427672,-1.6537974683544303,0.9222591362126246,-8.727987421383649,-1.2078616352201257,14.686435331230284,3.039240506329114,6.010163934426229,3.9952978056426334,20.463009404388714,7.74937106918239
1975,-3.872697368421053,-16.726625386996904,-5.7650943396226415,9.654434250764526,-1.1273584905660377,1.2105960264900661,-7.5875,-0.3996845425867508,15.289814814814815,3.5172955974842766,6.301644736842105,4.993730407523511,20.887345679012345,8.145141065830721
1976,-3.6937704918032788,-17.601238390092877,-4.945652173913044,9.227586206896552,-1.554375,1.5231788079470199,-7.68297213622291,0.7381987577639751,14.862893081761007,3.1428125,6.750819672131148,6.401863354037267,20.425625,7.8253125
1977,-3.103030303030303,-16.559133126934984,-3.3733542319749215,8.82018927444795,-1.0006389776357827,1.9023728813559322,-7.152631578947369,2.343174603174603,14.436305732484076,3.40258064516129,6.925418060200669,8.105660377358491,20.01740506329114,7.825
1978,-4.163333333333333,-18.078525641025642,-5.173417721518987,8.716358024691358,-2.2920382165605098,0.9070469798657718,-9.295192307692307,0.2263492063492063,14.554320987654322,2.3089171974522293,5.978666666666666,5.620317460317461,20.342283950617283,6.893650793650794
1979,-3.271153846153846,-19.565930599369086,-4.812420382165605,9.127444794952682,-0.1782608695652174,1.752755905511811,-10.576898734177215,0.4561290322580645,15.041455696202531,4.378754578754579,6.775193798449612,5.6146964856230035,20.922397476340695,8.933818181818182
1980,-3.4448504983388704,-16.221451104100947,-4.038485804416404,9.0175,-0.790506329113924,1.5889261744966443,-7.083385579937304,1.668987341772152,14.584858044164038,3.5596153846153844,6.653156146179402,7.378548895899054,20.1269592476489,7.872611464968153
1981,-1.826470588235294,-15.4801261829653,-3.16875,9.443343653250775,0.04748427672955976,3.247019867549669,-6.216507936507936,2.256426332288401,15.278125,4.372870662460568,8.193729372937293,7.661442006269593,21.06386292834891,8.67602523659306
1982,-4.415894039735099,-18.645425867507885,-5.973520249221184,8.615605095541401,-1.4241269841269841,0.936426116838488,-9.392926045016077,-0.3391167192429022,14.280322580645162,3.142172523961661,5.9711864406779664,5.2309375,19.883386581469647,7.652396166134185
1983,-2.926143790849673,-15.034276729559748,-4.633123028391167,9.819620253164556,-0.29430379746835444,2.1187290969899664,-6.136217948717949,0.6888535031847134,15.614285714285714,4.098730158730159,6.994701986754967,5.909493670886076,21.35236593059937,8.395268138801262
1984,-3.120327868852459,-16.505750798722044,-4.456426332288402,9.778125,-1.9208201892744479,2.3772413793103446,-6.912828947368421,1.2274760383386583,15.582018927444794,2.3971428571428572,7.407482993197279,6.616190476190476,21.30314465408805,6.6286163522012576
1985,-3.8461038961038962,-17.815047021943574,-4.360061919504644,8.570625,-2.6975155279503107,1.4036544850498338,-8.347133757961783,1.3440625,14.426729559748427,1.5858490566037735,6.455149501661129,6.8596875,20.22601880877743,5.802173913043478
1986,-3.224271844660194,-16.126234567901236,-3.86386292834891,8.699378881987577,-2.623219814241486,2.13003300330033,-6.810031347962383,1.7882911392405063,14.413664596273293,1.9027950310559005,7.210819672131148,7.211041009463722,20.081677018633542,6.42
1987,-1.9841935483870967,-14.065123456790124,-3.5846153846153848,9.344548286604361,-0.32044025157232703,3.4277227722772277,-4.730817610062893,2.135294117647059,15.08785046728972,4.427760252365931,8.551315789473684,7.8277777777777775,20.785358255451712,9.156739811912226
1988,-2.8562091503267975,-16.020125786163522,-3.3766355140186914,9.84423676012461,-0.7722741433021807,2.418791946308725,-6.568987341772152,2.1714285714285713,15.6096875,3.6546875,7.53421052631579,7.725,21.345482866043614,8.0575
1989,-3.861666666666667,-17.66006289308176,-5.497777777777777,9.805714285714286,-1.5322784810126582,1.6217687074829932,-7.550641025641026,0.27211538461538465,15.648888888888889,3.2734177215189875,6.948135593220339,6.001592356687898,21.44063492063492,8.01640378548896
1990,-3.120469798657718,-17.445911949685534,-4.046666666666667,9.83514376996805,-1.4,2.1738095238095236,-7.64140127388535,1.4414012738853503,15.592651757188499,3.263578274760383,7.345302013422819,6.947784810126582,21.293650793650794,7.789905362776025
1991,-2.7466216216216215,-17.100955414012738,-3.8666666666666667,9.955844155844156,-1.5590322580645162,2.4659863945578233,-7.31629392971246,1.775632911392405,15.808794788273616,2.9436893203883496,7.637074829931973,7.369620253164557,21.608766233766232,7.441423948220065
1992,-3.1451724137931034,-15.161414790996785,-4.521428571428571,8.463548387096774,-1.0901315789473685,1.8124567474048443,-6.19198717948718,1.1730519480519481,14.139805825242718,3.126315789473684,6.704123711340206,6.85258064516129,19.766666666666666,7.3296052631578945
1993,-3.028421052631579,-18.277070063694268,-3.5925324675324677,9.4125,-1.7433774834437086,2.123758865248227,-8.645686900958466,2.0392156862745097,14.882608695652173,3.0176666666666665,7.016262975778547,7.348709677419355,20.051307189542484,7.613355048859935
1994,-2.524817518248175,-18.25704918032787,-3.304421768707483,10.057439446366782,0.2088235294117647,2.6261194029850747,-9.222185430463576,2.518118466898955,15.972043010752689,4.922,7.745925925925926,8.040344827586207,21.64381625441696,9.585761589403974
1995,-3.070890410958904,-15.4983922829582,-4.654430379746835,9.829337539432176,-1.4719745222929936,2.0021505376344084,-6.6245161290322585,0.8393548387096774,15.562420382165605,3.178964401294498,7.010526315789473,6.223961661341853,21.25930599369085,7.739423076923077
1996,-3.7491228070175437,-18.212420382165604,-5.5419558359621455,9.569329073482429,-1.9093247588424438,1.2917857142857143,-8.939297124600639,-0.20923566878980893,15.374679487179487,2.3223300970873786,6.0807692307692305,4.850943396226415,21.140384615384615,6.485303514376997
1997,-2.8625441696113074,-16.95141065830721,-5.854574132492114,9.628664495114007,-0.5055737704918033,2.2931654676258995,-7.789589905362776,-0.4248407643312102,15.408823529411764,3.953135313531353,7.25531914893617,4.993037974683545,21.16482084690554,8.266885245901639
1998,-1.4049469964664312,-13.264262295081966,-2.77557003257329,10.420447284345048,0.5567741935483871,3.5917857142857144,-5.110819672131147,2.9554098360655736,16.215654952076676,4.8647249190938515,8.598936170212767,8.716993464052287,21.97015873015873,9.164193548387097
1999,-2.0353146853146855,-15.03343949044586,-3.1444444444444444,9.675247524752475,-0.3511400651465798,3.062676056338028,-5.997452229299363,2.303503184713376,15.328476821192053,4.354901960784313,8.173776223776224,7.766031746031746,20.962046204620464,9.003908794788273
2000,-2.9689895470383276,-15.094426229508196,-3.584789644012945,9.258576051779935,-0.7896774193548387,2.1939929328621908,-5.615409836065574,1.8868852459016394,14.87875816993464,3.7661290322580645,7.302807017543859,7.228990228013029,20.4885993485342,8.305483870967741
2001,-2.0996491228070178,-16.748397435897434,-3.7990353697749195,9.807348242811502,0.07635782747603835,3.0660777385159013,-7.412820512820513,1.7401929260450162,15.650961538461539,4.7185303514377,8.209507042253522,7.271061093247589,21.470192307692308,9.343450479233226
2002,-3.08477508650519,-14.480781758957654,-7.042765273311897,9.606930693069307,-1.0746666666666667,2.013588850174216,-5.753420195439739,-1.5482315112540193,15.463245033112583,3.417,7.06411149825784,3.940192926045016,21.272847682119206,7.912624584717608
2003,-2.8191489361702127,-15.69281045751634,-5.121172638436482,10.002970297029703,-0.4675496688741722,2.383274021352313,-6.852459016393443,0.44332247557003257,16.040397350993377,4.2374172185430465,7.589716312056738,5.995439739413681,22.066996699669968,8.878547854785479
2004,-3,-15.903630363036303,-4.706796116504854,9.210457516339869,-0.5180327868852459,2.083882783882784,-7.213201320132013,0.9542483660130718,14.882622950819671,4.010197368421053,7.155072463768116,6.5169381107491855,20.523529411764706,8.563398692810457
2005,-2.120921985815603,-16.991776315789473,-3.661639344262295,9.903257328990229,0.41386138613861384,2.842909090909091,-7.36578073089701,1.7771523178807946,15.462622950819672,4.850333333333333,7.7375,7.287128712871287,20.955048859934852,9.18671096345515
2006,-1.4084870848708486,-13.167434210526316,-2.730952380952381,10.26060606060606,-0.9102739726027398,3.616730038022814,-4.832673267326733,2.733788395904437,16.147766323024054,3.605923344947735,8.720817843866172,8.197966101694915,22.037966101694916,8.01615120274914
2007,-2.912903225806452,-14.810921501706485,-4.58659793814433,9.770486111111111,-0.5027303754266211,2.071951219512195,-6.0281786941580755,0.8224913494809688,15.5,4.033793103448276,7.062753036437247,6.241780821917808,21.190243902439025,8.568150684931506
2008,-3.1003968253968255,-17.118345323741007,-5.104513888888889,9.954255319148936,-0.18626760563380282,2.006477732793522,-7.852536231884058,0.46573426573426574,15.511071428571428,4.393286219081272,7.1168674698795185,6.0688811188811185,21.006049822064057,8.967719298245614
2009,-3.3673306772908367,-17.95122807017544,-5.638380281690141,9.257950530035336,0.20481481481481484,1.548360655737705,-8.462765957446809,-0.07295373665480426,14.890322580645162,4.725185185185185,6.679838709677419,5.540492957746479,20.563475177304966,9.232103321033211
2010,-1.421285140562249,-14.3,-2.022419928825623,9.978651685393258,-0.24145454545454548,3.8189655172413794,-6.171014492753623,3.9657992565055764,15.59621212121212,4.140073529411764,8.78838174273859,9.601470588235294,21.13932584269663,8.554744525547445
2011,-2.6300847457627117,-15.878651685393258,-5.336263736263736,9.893333333333333,0.019475655430711624,2.3110132158590306,-7.538721804511278,-0.013108614232209747,15.349248120300752,4.684351145038168,7.308119658119658,5.459926470588235,20.8479704797048,9.380740740740741
2012,-2.253813559322034,-13.654440154440154,-3.393536121673004,10.397047970479704,-0.9966165413533834,2.647085201793722,-4.698069498069498,2.043629343629344,16.135714285714286,3.3895752895752898,7.802145922746781,7.561048689138577,21.930882352941175,8.00374531835206
2013,-2.9597402597402596,-15.589615384615385,-4.888345864661654,9.923643410852714,-0.7329457364341085,2.1049107142857144,-7.030980392156863,0.517829457364341,15.646428571428572,3.8553359683794466,7.280172413793103,6.034586466165414,21.320392156862745,8.609541984732825
2014,-3.295575221238938,-18.588846153846156,-6.0892307692307694,9.91771653543307,-1.096124031007752,1.7919811320754717,-9.483011583011583,-0.4098814229249012,15.556626506024097,3.333984375,6.839269406392694,5.114007782101167,21.242687747035575,7.776833976833977
2015,-2.235217391304348,-16.28604651162791,-4.134661354581674,9.932793522267206,0.2874493927125506,2.9297297297297296,-7.343921568627451,1.8201612903225806,15.688163265306123,4.839754098360656,8.12863436123348,7.8197628458498025,21.402834008097166,9.49718875502008
2016,-1.2862745098039217,-12.689430894308943,-3.1090534979423867,10.495067264573992,1.2442477876106195,3.6553846153846155,-4.598780487804878,2.5181434599156116,16.241628959276017,5.517040358744395,8.772330097087378,8.314285714285715,21.950222222222223,9.845814977973568
2017,-1.9708542713567838,-14.380434782608695,-3.831465517241379,9.744827586206897,-0.669406392694064,3.1268421052631576,-5.903879310344828,1.5179039301310042,15.775217391304349,4.203720930232558,8.254871794871795,6.860515021459228,21.748068669527896,8.992626728110599
